CREATE TABLE pokemon_shape_prose (
	pokemon_shape_id INTEGER NOT NULL, 
	local_language_id INTEGER NOT NULL, 
	name VARCHAR(24), 
	awesome_name VARCHAR(16), 
	PRIMARY KEY (pokemon_shape_id, local_language_id), 
	FOREIGN KEY(pokemon_shape_id) REFERENCES pokemon_shapes (id), 
	FOREIGN KEY(local_language_id) REFERENCES languages (id)
);
INSERT INTO pokemon_shape_prose VALUES(1,9,'Ball','Pomaceous');
INSERT INTO pokemon_shape_prose VALUES(2,9,'Squiggle','Caudal');
INSERT INTO pokemon_shape_prose VALUES(3,9,'Fish','Ichthyic');
INSERT INTO pokemon_shape_prose VALUES(4,9,'Arms','Brachial');
INSERT INTO pokemon_shape_prose VALUES(5,9,'Blob','Alvine');
INSERT INTO pokemon_shape_prose VALUES(6,9,'Upright','Sciurine');
INSERT INTO pokemon_shape_prose VALUES(7,9,'Legs','Crural');
INSERT INTO pokemon_shape_prose VALUES(8,9,'Quadruped','Mensal');
INSERT INTO pokemon_shape_prose VALUES(9,9,'Wings','Alar');
INSERT INTO pokemon_shape_prose VALUES(10,9,'Tentacles','Cilial');
INSERT INTO pokemon_shape_prose VALUES(11,9,'Heads','Polycephalic');
INSERT INTO pokemon_shape_prose VALUES(12,9,'Humanoid','Anthropomorphic');
INSERT INTO pokemon_shape_prose VALUES(13,9,'Bug wings','Lepidopterous');
INSERT INTO pokemon_shape_prose VALUES(14,9,'Armor','Chitinous');
INSERT INTO pokemon_shape_prose VALUES(4,10,'Dvouruký','Dvouruký');
INSERT INTO pokemon_shape_prose VALUES(11,10,'Složený','Složený');
INSERT INTO pokemon_shape_prose VALUES(14,10,'Obrnený','Obrnený');
INSERT INTO pokemon_shape_prose VALUES(5,10,'Kanka','Kanka');
INSERT INTO pokemon_shape_prose VALUES(10,10,'Ochapadlený','Ochapadlený');
INSERT INTO pokemon_shape_prose VALUES(3,10,NULL,'Rybí');
INSERT INTO pokemon_shape_prose VALUES(6,10,'Vzprímený','Vzprímený');
INSERT INTO pokemon_shape_prose VALUES(8,10,'Ctyrnohý','Ctyrnohý');
INSERT INTO pokemon_shape_prose VALUES(2,10,'Hadovitý','Hadovitý');
INSERT INTO pokemon_shape_prose VALUES(9,10,'Ptací','Ptací');
INSERT INTO pokemon_shape_prose VALUES(7,10,'Dvounohý','Dvounohý');
INSERT INTO pokemon_shape_prose VALUES(1,10,NULL,'Kulatý');
INSERT INTO pokemon_shape_prose VALUES(12,10,'Antropomorfní','Antropomorfní');
INSERT INTO pokemon_shape_prose VALUES(13,10,'Motýlovitý','Motýlovitý');
CREATE TABLE pokemon_shapes (
	id INTEGER NOT NULL, 
	identifier VARCHAR(24) NOT NULL, 
	PRIMARY KEY (id)
);
INSERT INTO pokemon_shapes VALUES(1,'ball');
INSERT INTO pokemon_shapes VALUES(2,'squiggle');
INSERT INTO pokemon_shapes VALUES(3,'fish');
INSERT INTO pokemon_shapes VALUES(4,'arms');
INSERT INTO pokemon_shapes VALUES(5,'blob');
INSERT INTO pokemon_shapes VALUES(6,'upright');
INSERT INTO pokemon_shapes VALUES(7,'legs');
INSERT INTO pokemon_shapes VALUES(8,'quadruped');
INSERT INTO pokemon_shapes VALUES(9,'wings');
INSERT INTO pokemon_shapes VALUES(10,'tentacles');
INSERT INTO pokemon_shapes VALUES(11,'heads');
INSERT INTO pokemon_shapes VALUES(12,'humanoid');
INSERT INTO pokemon_shapes VALUES(13,'bug-wings');
INSERT INTO pokemon_shapes VALUES(14,'armor');

CREATE TABLE pokemon_species (
	id INTEGER NOT NULL, 
	identifier VARCHAR(20) NOT NULL, 
	generation_id INTEGER, 
	evolves_from_species_id INTEGER, 
	evolution_chain_id INTEGER, 
	color_id INTEGER NOT NULL, 
	shape_id INTEGER NOT NULL, 
	habitat_id INTEGER, 
	gender_rate INTEGER NOT NULL, 
	capture_rate INTEGER NOT NULL, 
	base_happiness INTEGER NOT NULL, 
	is_baby BOOL NOT NULL, 
	hatch_counter INTEGER NOT NULL, 
	has_gender_differences BOOL NOT NULL, 
	growth_rate_id INTEGER NOT NULL, 
	forms_switchable BOOL NOT NULL, 
	PRIMARY KEY (id), 
	FOREIGN KEY(generation_id) REFERENCES generations (id), 
	FOREIGN KEY(evolves_from_species_id) REFERENCES pokemon_species (id), 
	FOREIGN KEY(evolution_chain_id) REFERENCES evolution_chains (id), 
	FOREIGN KEY(color_id) REFERENCES pokemon_colors (id), 
	FOREIGN KEY(shape_id) REFERENCES pokemon_shapes (id), 
	FOREIGN KEY(habitat_id) REFERENCES pokemon_habitats (id), 
	CHECK (is_baby IN (0, 1)), 
	CHECK (has_gender_differences IN (0, 1)), 
	FOREIGN KEY(growth_rate_id) REFERENCES growth_rates (id), 
	CHECK (forms_switchable IN (0, 1))
);

INSERT INTO pokemon_species VALUES(1,'bulbasaur',1,NULL,1,5,8,3,1,45,70,0,20,0,4,0);
INSERT INTO pokemon_species VALUES(2,'ivysaur',1,1,1,5,8,3,1,45,70,0,20,0,4,0);
INSERT INTO pokemon_species VALUES(3,'venusaur',1,2,1,5,8,3,1,45,70,0,20,1,4,0);
INSERT INTO pokemon_species VALUES(4,'charmander',1,NULL,2,8,6,4,1,45,70,0,20,0,4,0);
INSERT INTO pokemon_species VALUES(5,'charmeleon',1,4,2,8,6,4,1,45,70,0,20,0,4,0);
INSERT INTO pokemon_species VALUES(6,'charizard',1,5,2,8,6,4,1,45,70,0,20,0,4,0);
INSERT INTO pokemon_species VALUES(7,'squirtle',1,NULL,3,2,6,9,1,45,70,0,20,0,4,0);
INSERT INTO pokemon_species VALUES(8,'wartortle',1,7,3,2,6,9,1,45,70,0,20,0,4,0);
INSERT INTO pokemon_species VALUES(9,'blastoise',1,8,3,2,6,9,1,45,70,0,20,0,4,0);
INSERT INTO pokemon_species VALUES(10,'caterpie',1,NULL,4,5,2,2,4,255,70,0,15,0,2,0);
INSERT INTO pokemon_species VALUES(11,'metapod',1,10,4,5,2,2,4,120,70,0,15,0,2,0);
INSERT INTO pokemon_species VALUES(12,'butterfree',1,11,4,9,13,2,4,45,70,0,15,1,2,0);
INSERT INTO pokemon_species VALUES(13,'weedle',1,NULL,5,3,2,2,4,255,70,0,15,0,2,0);
INSERT INTO pokemon_species VALUES(14,'kakuna',1,13,5,10,2,2,4,120,70,0,15,0,2,0);
INSERT INTO pokemon_species VALUES(15,'beedrill',1,14,5,10,13,2,4,45,70,0,15,0,2,0);
INSERT INTO pokemon_species VALUES(16,'pidgey',1,NULL,6,3,9,2,4,255,70,0,15,0,4,0);
INSERT INTO pokemon_species VALUES(17,'pidgeotto',1,16,6,3,9,2,4,120,70,0,15,0,4,0);
INSERT INTO pokemon_species VALUES(18,'pidgeot',1,17,6,3,9,2,4,45,70,0,15,0,4,0);
INSERT INTO pokemon_species VALUES(19,'rattata',1,NULL,7,7,8,3,4,255,70,0,15,1,2,0);
INSERT INTO pokemon_species VALUES(20,'raticate',1,19,7,3,8,3,4,127,70,0,15,1,2,0);
INSERT INTO pokemon_species VALUES(21,'spearow',1,NULL,8,3,9,6,4,255,70,0,15,0,2,0);
INSERT INTO pokemon_species VALUES(22,'fearow',1,21,8,3,9,6,4,90,70,0,15,0,2,0);
INSERT INTO pokemon_species VALUES(23,'ekans',1,NULL,9,7,2,3,4,255,70,0,20,0,2,0);
INSERT INTO pokemon_species VALUES(24,'arbok',1,23,9,7,2,3,4,90,70,0,20,0,2,0);
INSERT INTO pokemon_species VALUES(25,'pikachu',1,172,10,10,8,2,4,190,70,0,10,1,2,0);
INSERT INTO pokemon_species VALUES(26,'raichu',1,25,10,10,6,2,4,75,70,0,10,1,2,0);
INSERT INTO pokemon_species VALUES(27,'sandshrew',1,NULL,11,10,6,6,4,255,70,0,20,0,2,0);
INSERT INTO pokemon_species VALUES(28,'sandslash',1,27,11,10,6,6,4,90,70,0,20,0,2,0);
INSERT INTO pokemon_species VALUES(29,'nidoran-f',1,NULL,12,2,8,3,8,235,70,0,20,0,4,0);
INSERT INTO pokemon_species VALUES(30,'nidorina',1,29,12,2,8,3,8,120,70,0,20,0,4,0);
INSERT INTO pokemon_species VALUES(31,'nidoqueen',1,30,12,2,6,3,8,45,70,0,20,0,4,0);
INSERT INTO pokemon_species VALUES(32,'nidoran-m',1,NULL,13,7,8,3,0,235,70,0,20,0,4,0);
INSERT INTO pokemon_species VALUES(33,'nidorino',1,32,13,7,8,3,0,120,70,0,20,0,4,0);
INSERT INTO pokemon_species VALUES(34,'nidoking',1,33,13,7,6,3,0,45,70,0,20,0,4,0);
INSERT INTO pokemon_species VALUES(35,'clefairy',1,173,14,6,6,4,6,150,140,0,10,0,3,0);
INSERT INTO pokemon_species VALUES(36,'clefable',1,35,14,6,6,4,6,25,140,0,10,0,3,0);
INSERT INTO pokemon_species VALUES(37,'vulpix',1,NULL,15,3,8,3,6,190,70,0,20,0,2,0);
INSERT INTO pokemon_species VALUES(38,'ninetales',1,37,15,10,8,3,6,75,70,0,20,0,2,0);
INSERT INTO pokemon_species VALUES(39,'jigglypuff',1,174,16,6,12,3,6,170,70,0,10,0,3,0);
INSERT INTO pokemon_species VALUES(40,'wigglytuff',1,39,16,6,12,3,6,50,70,0,10,0,3,0);
INSERT INTO pokemon_species VALUES(41,'zubat',1,NULL,17,7,9,1,4,255,70,0,15,1,2,0);
INSERT INTO pokemon_species VALUES(42,'golbat',1,41,17,7,9,1,4,90,70,0,15,1,2,0);
INSERT INTO pokemon_species VALUES(43,'oddish',1,NULL,18,2,7,3,4,255,70,0,20,0,4,0);
INSERT INTO pokemon_species VALUES(44,'gloom',1,43,18,2,12,3,4,120,70,0,20,1,4,0);
INSERT INTO pokemon_species VALUES(45,'vileplume',1,44,18,8,12,3,4,45,70,0,20,1,4,0);
INSERT INTO pokemon_species VALUES(46,'paras',1,NULL,19,8,14,2,4,190,70,0,20,0,2,0);
INSERT INTO pokemon_species VALUES(47,'parasect',1,46,19,8,14,2,4,75,70,0,20,0,2,0);
INSERT INTO pokemon_species VALUES(48,'venonat',1,NULL,20,7,12,2,4,190,70,0,20,0,2,0);
INSERT INTO pokemon_species VALUES(49,'venomoth',1,48,20,7,13,2,4,75,70,0,20,0,2,0);
INSERT INTO pokemon_species VALUES(50,'diglett',1,NULL,21,3,5,1,4,255,70,0,20,0,2,0);
INSERT INTO pokemon_species VALUES(51,'dugtrio',1,50,21,3,11,1,4,50,70,0,20,0,2,0);
INSERT INTO pokemon_species VALUES(52,'meowth',1,NULL,22,10,8,8,4,255,70,0,20,0,2,0);
INSERT INTO pokemon_species VALUES(53,'persian',1,52,22,10,8,8,4,90,70,0,20,0,2,0);
INSERT INTO pokemon_species VALUES(54,'psyduck',1,NULL,23,10,6,9,4,190,70,0,20,0,2,0);
INSERT INTO pokemon_species VALUES(55,'golduck',1,54,23,2,6,9,4,75,70,0,20,0,2,0);
INSERT INTO pokemon_species VALUES(56,'mankey',1,NULL,24,3,6,4,4,190,70,0,20,0,2,0);
INSERT INTO pokemon_species VALUES(57,'primeape',1,56,24,3,6,4,4,75,70,0,20,0,2,0);
INSERT INTO pokemon_species VALUES(58,'growlithe',1,NULL,25,3,8,3,2,190,70,0,20,0,1,0);
INSERT INTO pokemon_species VALUES(59,'arcanine',1,58,25,3,8,3,2,75,70,0,20,0,1,0);
INSERT INTO pokemon_species VALUES(60,'poliwag',1,NULL,26,2,7,9,4,255,70,0,20,0,4,0);
INSERT INTO pokemon_species VALUES(61,'poliwhirl',1,60,26,2,12,9,4,120,70,0,20,0,4,0);
INSERT INTO pokemon_species VALUES(62,'poliwrath',1,61,26,2,12,9,4,45,70,0,20,0,4,0);
INSERT INTO pokemon_species VALUES(63,'abra',1,NULL,27,3,6,8,2,200,70,0,20,0,4,0);
INSERT INTO pokemon_species VALUES(64,'kadabra',1,63,27,3,6,8,2,100,70,0,20,1,4,0);
INSERT INTO pokemon_species VALUES(65,'alakazam',1,64,27,3,12,8,2,50,70,0,20,1,4,0);
INSERT INTO pokemon_species VALUES(66,'machop',1,NULL,28,4,6,4,2,180,70,0,20,0,4,0);
INSERT INTO pokemon_species VALUES(67,'machoke',1,66,28,4,12,4,2,90,70,0,20,0,4,0);
INSERT INTO pokemon_species VALUES(68,'machamp',1,67,28,4,12,4,2,45,70,0,20,0,4,0);
INSERT INTO pokemon_species VALUES(69,'bellsprout',1,NULL,29,5,12,2,4,255,70,0,20,0,4,0);
INSERT INTO pokemon_species VALUES(70,'weepinbell',1,69,29,5,5,2,4,120,70,0,20,0,4,0);
INSERT INTO pokemon_species VALUES(71,'victreebel',1,70,29,5,5,2,4,45,70,0,20,0,4,0);
INSERT INTO pokemon_species VALUES(72,'tentacool',1,NULL,30,2,10,7,4,190,70,0,20,0,1,0);
INSERT INTO pokemon_species VALUES(73,'tentacruel',1,72,30,2,10,7,4,60,70,0,20,0,1,0);
INSERT INTO pokemon_species VALUES(74,'geodude',1,NULL,31,3,4,4,4,255,70,0,15,0,4,0);
INSERT INTO pokemon_species VALUES(75,'graveler',1,74,31,3,12,4,4,120,70,0,15,0,4,0);
INSERT INTO pokemon_species VALUES(76,'golem',1,75,31,3,12,4,4,45,70,0,15,0,4,0);
INSERT INTO pokemon_species VALUES(77,'ponyta',1,NULL,32,10,8,3,4,190,70,0,20,0,2,0);
INSERT INTO pokemon_species VALUES(78,'rapidash',1,77,32,10,8,3,4,60,70,0,20,0,2,0);
INSERT INTO pokemon_species VALUES(79,'slowpoke',1,NULL,33,6,8,9,4,190,70,0,20,0,2,0);
INSERT INTO pokemon_species VALUES(80,'slowbro',1,79,33,6,6,9,4,75,70,0,20,0,2,0);
INSERT INTO pokemon_species VALUES(81,'magnemite',1,NULL,34,4,4,6,-1,190,70,0,20,0,2,0);
INSERT INTO pokemon_species VALUES(82,'magneton',1,81,34,4,11,6,-1,60,70,0,20,0,2,0);
INSERT INTO pokemon_species VALUES(83,'farfetchd',1,NULL,35,3,9,3,4,45,70,0,20,0,2,0);
INSERT INTO pokemon_species VALUES(84,'doduo',1,NULL,36,3,7,3,4,190,70,0,20,1,2,0);
INSERT INTO pokemon_species VALUES(85,'dodrio',1,84,36,3,7,3,4,45,70,0,20,1,2,0);
INSERT INTO pokemon_species VALUES(86,'seel',1,NULL,37,9,3,7,4,190,70,0,20,0,2,0);
INSERT INTO pokemon_species VALUES(87,'dewgong',1,86,37,9,3,7,4,75,70,0,20,0,2,0);
INSERT INTO pokemon_species VALUES(88,'grimer',1,NULL,38,7,4,8,4,190,70,0,20,0,2,0);
INSERT INTO pokemon_species VALUES(89,'muk',1,88,38,7,4,8,4,75,70,0,20,0,2,0);
INSERT INTO pokemon_species VALUES(90,'shellder',1,NULL,39,7,1,7,4,190,70,0,20,0,1,0);
INSERT INTO pokemon_species VALUES(91,'cloyster',1,90,39,7,1,7,4,60,70,0,20,0,1,0);
INSERT INTO pokemon_species VALUES(92,'gastly',1,NULL,40,7,1,1,4,190,70,0,20,0,4,0);
INSERT INTO pokemon_species VALUES(93,'haunter',1,92,40,7,4,1,4,90,70,0,20,0,4,0);
INSERT INTO pokemon_species VALUES(94,'gengar',1,93,40,7,6,1,4,45,70,0,20,0,4,0);
INSERT INTO pokemon_species VALUES(95,'onix',1,NULL,41,4,2,1,4,45,70,0,25,0,2,0);
INSERT INTO pokemon_species VALUES(96,'drowzee',1,NULL,42,10,12,3,4,190,70,0,20,0,2,0);
INSERT INTO pokemon_species VALUES(97,'hypno',1,96,42,10,12,3,4,75,70,0,20,1,2,0);
INSERT INTO pokemon_species VALUES(98,'krabby',1,NULL,43,8,14,9,4,225,70,0,20,0,2,0);
INSERT INTO pokemon_species VALUES(99,'kingler',1,98,43,8,14,9,4,60,70,0,20,0,2,0);
INSERT INTO pokemon_species VALUES(100,'voltorb',1,NULL,44,8,1,8,-1,190,70,0,20,0,2,0);
INSERT INTO pokemon_species VALUES(101,'electrode',1,100,44,8,1,8,-1,60,70,0,20,0,2,0);
INSERT INTO pokemon_species VALUES(102,'exeggcute',1,NULL,45,6,11,2,4,90,70,0,20,0,1,0);
INSERT INTO pokemon_species VALUES(103,'exeggutor',1,102,45,10,7,2,4,45,70,0,20,0,1,0);
INSERT INTO pokemon_species VALUES(104,'cubone',1,NULL,46,3,6,4,4,190,70,0,20,0,2,0);
INSERT INTO pokemon_species VALUES(105,'marowak',1,104,46,3,6,4,4,75,70,0,20,0,2,0);
INSERT INTO pokemon_species VALUES(106,'hitmonlee',1,236,47,3,12,8,0,45,70,0,25,0,2,0);
INSERT INTO pokemon_species VALUES(107,'hitmonchan',1,236,47,3,12,8,0,45,70,0,25,0,2,0);
INSERT INTO pokemon_species VALUES(108,'lickitung',1,NULL,48,6,6,3,4,45,70,0,20,0,2,0);
INSERT INTO pokemon_species VALUES(109,'koffing',1,NULL,49,7,1,8,4,190,70,0,20,0,2,0);
INSERT INTO pokemon_species VALUES(110,'weezing',1,109,49,7,11,8,4,60,70,0,20,0,2,0);
INSERT INTO pokemon_species VALUES(111,'rhyhorn',1,NULL,50,4,8,6,4,120,70,0,20,1,1,0);
INSERT INTO pokemon_species VALUES(112,'rhydon',1,111,50,4,6,6,4,60,70,0,20,1,1,0);
INSERT INTO pokemon_species VALUES(113,'chansey',1,440,51,6,6,8,8,30,140,0,40,0,3,0);
INSERT INTO pokemon_species VALUES(114,'tangela',1,NULL,52,2,7,3,4,45,70,0,20,0,2,0);
INSERT INTO pokemon_species VALUES(115,'kangaskhan',1,NULL,53,3,6,3,8,45,70,0,20,0,2,0);
INSERT INTO pokemon_species VALUES(116,'horsea',1,NULL,54,2,5,7,4,225,70,0,20,0,2,0);
INSERT INTO pokemon_species VALUES(117,'seadra',1,116,54,2,5,7,4,75,70,0,20,0,2,0);
INSERT INTO pokemon_species VALUES(118,'goldeen',1,NULL,55,8,3,9,4,225,70,0,20,1,2,0);
INSERT INTO pokemon_species VALUES(119,'seaking',1,118,55,8,3,9,4,60,70,0,20,1,2,0);
INSERT INTO pokemon_species VALUES(120,'staryu',1,NULL,56,3,5,7,-1,225,70,0,20,0,1,0);
INSERT INTO pokemon_species VALUES(121,'starmie',1,120,56,7,5,7,-1,60,70,0,20,0,1,0);
INSERT INTO pokemon_species VALUES(122,'mr-mime',1,439,57,6,12,8,4,45,70,0,25,0,2,0);
INSERT INTO pokemon_species VALUES(123,'scyther',1,NULL,58,5,13,3,4,45,70,0,25,1,2,0);
INSERT INTO pokemon_species VALUES(124,'jynx',1,238,59,8,12,8,8,45,70,0,25,0,2,0);
INSERT INTO pokemon_species VALUES(125,'electabuzz',1,239,60,10,6,3,2,45,70,0,25,0,2,0);
INSERT INTO pokemon_species VALUES(126,'magmar',1,240,61,8,6,4,2,45,70,0,25,0,2,0);
INSERT INTO pokemon_species VALUES(127,'pinsir',1,NULL,62,3,12,2,4,45,70,0,25,0,1,0);
INSERT INTO pokemon_species VALUES(128,'tauros',1,NULL,63,3,8,3,0,45,70,0,20,0,1,0);
INSERT INTO pokemon_species VALUES(129,'magikarp',1,NULL,64,8,3,9,4,255,70,0,5,1,1,0);
INSERT INTO pokemon_species VALUES(130,'gyarados',1,129,64,2,2,9,4,45,70,0,5,1,1,0);
INSERT INTO pokemon_species VALUES(131,'lapras',1,NULL,65,2,3,7,4,45,70,0,40,0,1,0);
INSERT INTO pokemon_species VALUES(132,'ditto',1,NULL,66,7,1,8,-1,35,70,0,20,0,2,0);
INSERT INTO pokemon_species VALUES(133,'eevee',1,NULL,67,3,8,8,1,45,70,0,35,0,2,0);
INSERT INTO pokemon_species VALUES(134,'vaporeon',1,133,67,2,8,8,1,45,70,0,35,0,2,0);
INSERT INTO pokemon_species VALUES(135,'jolteon',1,133,67,10,8,8,1,45,70,0,35,0,2,0);
INSERT INTO pokemon_species VALUES(136,'flareon',1,133,67,8,8,8,1,45,70,0,35,0,2,0);
INSERT INTO pokemon_species VALUES(137,'porygon',1,NULL,68,6,7,8,-1,45,70,0,20,0,2,0);
INSERT INTO pokemon_species VALUES(138,'omanyte',1,NULL,69,2,10,7,1,45,70,0,30,0,2,0);
INSERT INTO pokemon_species VALUES(139,'omastar',1,138,69,2,10,7,1,45,70,0,30,0,2,0);
INSERT INTO pokemon_species VALUES(140,'kabuto',1,NULL,70,3,14,7,1,45,70,0,30,0,2,0);
INSERT INTO pokemon_species VALUES(141,'kabutops',1,140,70,3,6,7,1,45,70,0,30,0,2,0);
INSERT INTO pokemon_species VALUES(142,'aerodactyl',1,NULL,71,7,9,4,1,45,70,0,35,0,1,0);
INSERT INTO pokemon_species VALUES(143,'snorlax',1,446,72,1,12,4,1,25,70,0,40,0,1,0);
INSERT INTO pokemon_species VALUES(144,'articuno',1,NULL,73,2,9,5,-1,3,35,0,80,0,1,0);
INSERT INTO pokemon_species VALUES(145,'zapdos',1,NULL,74,10,9,5,-1,3,35,0,80,0,1,0);
INSERT INTO pokemon_species VALUES(146,'moltres',1,NULL,75,10,9,5,-1,3,35,0,80,0,1,0);
INSERT INTO pokemon_species VALUES(147,'dratini',1,NULL,76,2,2,9,4,45,35,0,40,0,1,0);
INSERT INTO pokemon_species VALUES(148,'dragonair',1,147,76,2,2,9,4,45,35,0,40,0,1,0);
INSERT INTO pokemon_species VALUES(149,'dragonite',1,148,76,3,6,9,4,45,35,0,40,0,1,0);
INSERT INTO pokemon_species VALUES(150,'mewtwo',1,NULL,77,7,6,5,-1,3,0,0,120,0,1,0);
INSERT INTO pokemon_species VALUES(151,'mew',1,NULL,78,6,6,5,-1,45,100,0,120,0,4,0);
INSERT INTO pokemon_species VALUES(152,'chikorita',2,NULL,79,5,8,3,1,45,70,0,20,0,4,0);
INSERT INTO pokemon_species VALUES(153,'bayleef',2,152,79,5,8,3,1,45,70,0,20,0,4,0);
INSERT INTO pokemon_species VALUES(154,'meganium',2,153,79,5,8,3,1,45,70,0,20,1,4,0);
INSERT INTO pokemon_species VALUES(155,'cyndaquil',2,NULL,80,10,12,3,1,45,70,0,20,0,4,0);
INSERT INTO pokemon_species VALUES(156,'quilava',2,155,80,10,8,3,1,45,70,0,20,0,4,0);
INSERT INTO pokemon_species VALUES(157,'typhlosion',2,156,80,10,8,3,1,45,70,0,20,0,4,0);
INSERT INTO pokemon_species VALUES(158,'totodile',2,NULL,81,2,6,9,1,45,70,0,20,0,4,0);
INSERT INTO pokemon_species VALUES(159,'croconaw',2,158,81,2,6,9,1,45,70,0,20,0,4,0);
INSERT INTO pokemon_species VALUES(160,'feraligatr',2,159,81,2,6,9,1,45,70,0,20,0,4,0);
INSERT INTO pokemon_species VALUES(161,'sentret',2,NULL,82,3,8,3,4,255,70,0,15,0,2,0);
INSERT INTO pokemon_species VALUES(162,'furret',2,161,82,3,8,3,4,90,70,0,15,0,2,0);
INSERT INTO pokemon_species VALUES(163,'hoothoot',2,NULL,83,3,9,2,4,255,70,0,15,0,2,0);
INSERT INTO pokemon_species VALUES(164,'noctowl',2,163,83,3,9,2,4,90,70,0,15,0,2,0);
INSERT INTO pokemon_species VALUES(165,'ledyba',2,NULL,84,8,9,2,4,255,70,0,15,1,3,0);
INSERT INTO pokemon_species VALUES(166,'ledian',2,165,84,8,9,2,4,90,70,0,15,1,3,0);
INSERT INTO pokemon_species VALUES(167,'spinarak',2,NULL,85,5,14,2,4,255,70,0,15,0,3,0);
INSERT INTO pokemon_species VALUES(168,'ariados',2,167,85,8,14,2,4,90,70,0,15,0,3,0);
INSERT INTO pokemon_species VALUES(169,'crobat',2,42,17,7,13,1,4,90,70,0,15,0,2,0);
INSERT INTO pokemon_species VALUES(170,'chinchou',2,NULL,86,2,3,7,4,190,70,0,20,0,1,0);
INSERT INTO pokemon_species VALUES(171,'lanturn',2,170,86,2,3,7,4,75,70,0,20,0,1,0);
INSERT INTO pokemon_species VALUES(172,'pichu',2,NULL,10,10,8,2,4,190,70,1,10,0,2,0);
INSERT INTO pokemon_species VALUES(173,'cleffa',2,NULL,14,6,6,4,6,150,140,1,10,0,3,0);
INSERT INTO pokemon_species VALUES(174,'igglybuff',2,NULL,16,6,12,3,6,170,70,1,10,0,3,0);
INSERT INTO pokemon_species VALUES(175,'togepi',2,NULL,87,9,12,2,1,190,70,1,10,0,3,0);
INSERT INTO pokemon_species VALUES(176,'togetic',2,175,87,9,12,2,1,75,70,0,10,0,3,0);
INSERT INTO pokemon_species VALUES(177,'natu',2,NULL,88,5,9,2,4,190,70,0,20,0,2,0);
INSERT INTO pokemon_species VALUES(178,'xatu',2,177,88,5,9,2,4,75,70,0,20,1,2,0);
INSERT INTO pokemon_species VALUES(179,'mareep',2,NULL,89,9,8,3,4,235,70,0,20,0,4,0);
INSERT INTO pokemon_species VALUES(180,'flaaffy',2,179,89,6,6,3,4,120,70,0,20,0,4,0);
INSERT INTO pokemon_species VALUES(181,'ampharos',2,180,89,10,6,3,4,45,70,0,20,0,4,0);
INSERT INTO pokemon_species VALUES(182,'bellossom',2,44,18,5,12,3,4,45,70,0,20,0,4,0);
INSERT INTO pokemon_species VALUES(183,'marill',2,298,90,2,6,9,4,190,70,0,10,0,3,0);
INSERT INTO pokemon_species VALUES(184,'azumarill',2,183,90,2,6,9,4,75,70,0,10,0,3,0);
INSERT INTO pokemon_species VALUES(185,'sudowoodo',2,438,91,3,12,2,4,65,70,0,20,1,2,0);
INSERT INTO pokemon_species VALUES(186,'politoed',2,61,26,5,12,9,4,45,70,0,20,1,4,0);
INSERT INTO pokemon_species VALUES(187,'hoppip',2,NULL,92,6,6,3,4,255,70,0,20,0,4,0);
INSERT INTO pokemon_species VALUES(188,'skiploom',2,187,92,5,6,3,4,120,70,0,20,0,4,0);
INSERT INTO pokemon_species VALUES(189,'jumpluff',2,188,92,2,6,3,4,45,70,0,20,0,4,0);
INSERT INTO pokemon_species VALUES(190,'aipom',2,NULL,93,7,6,2,4,45,70,0,20,1,3,0);
INSERT INTO pokemon_species VALUES(191,'sunkern',2,NULL,94,10,1,3,4,235,70,0,20,0,4,0);
INSERT INTO pokemon_species VALUES(192,'sunflora',2,191,94,10,12,3,4,120,70,0,20,0,4,0);
INSERT INTO pokemon_species VALUES(193,'yanma',2,NULL,95,8,13,2,4,75,70,0,20,0,2,0);
INSERT INTO pokemon_species VALUES(194,'wooper',2,NULL,96,2,7,9,4,255,70,0,20,1,2,0);
INSERT INTO pokemon_species VALUES(195,'quagsire',2,194,96,2,6,9,4,90,70,0,20,1,2,0);
INSERT INTO pokemon_species VALUES(196,'espeon',2,133,67,7,8,8,1,45,70,0,35,0,2,0);
INSERT INTO pokemon_species VALUES(197,'umbreon',2,133,67,1,8,8,1,45,35,0,35,0,2,0);
INSERT INTO pokemon_species VALUES(198,'murkrow',2,NULL,97,1,9,2,4,30,35,0,20,1,4,0);
INSERT INTO pokemon_species VALUES(199,'slowking',2,79,33,6,6,9,4,70,70,0,20,0,2,0);
INSERT INTO pokemon_species VALUES(200,'misdreavus',2,NULL,98,4,1,1,4,45,35,0,25,0,3,0);
INSERT INTO pokemon_species VALUES(201,'unown',2,NULL,99,1,1,5,-1,225,70,0,40,0,2,0);
INSERT INTO pokemon_species VALUES(202,'wobbuffet',2,360,100,2,5,1,4,45,70,0,20,1,2,0);
INSERT INTO pokemon_species VALUES(203,'girafarig',2,NULL,101,10,8,3,4,60,70,0,20,1,2,0);
INSERT INTO pokemon_species VALUES(204,'pineco',2,NULL,102,4,1,2,4,190,70,0,20,0,2,0);
INSERT INTO pokemon_species VALUES(205,'forretress',2,204,102,7,1,2,4,75,70,0,20,0,2,0);
INSERT INTO pokemon_species VALUES(206,'dunsparce',2,NULL,103,10,2,1,4,190,70,0,20,0,2,0);
INSERT INTO pokemon_species VALUES(207,'gligar',2,NULL,104,7,9,4,4,60,70,0,20,1,4,0);
INSERT INTO pokemon_species VALUES(208,'steelix',2,95,41,4,2,1,4,25,70,0,25,1,2,0);
INSERT INTO pokemon_species VALUES(209,'snubbull',2,NULL,105,6,12,8,6,190,70,0,20,0,3,0);
INSERT INTO pokemon_species VALUES(210,'granbull',2,209,105,7,6,8,6,75,70,0,20,0,3,0);
INSERT INTO pokemon_species VALUES(211,'qwilfish',2,NULL,106,4,3,7,4,45,70,0,20,0,2,0);
INSERT INTO pokemon_species VALUES(212,'scizor',2,123,58,8,13,3,4,25,70,0,25,1,2,0);
INSERT INTO pokemon_species VALUES(213,'shuckle',2,NULL,107,10,14,4,4,190,70,0,20,0,4,0);
INSERT INTO pokemon_species VALUES(214,'heracross',2,NULL,108,2,12,2,4,45,70,0,25,1,1,0);
INSERT INTO pokemon_species VALUES(215,'sneasel',2,NULL,109,1,6,2,4,60,35,0,20,1,4,0);
INSERT INTO pokemon_species VALUES(216,'teddiursa',2,NULL,110,3,6,4,4,120,70,0,20,0,2,0);
INSERT INTO pokemon_species VALUES(217,'ursaring',2,216,110,3,6,4,4,60,70,0,20,1,2,0);
INSERT INTO pokemon_species VALUES(218,'slugma',2,NULL,111,8,2,4,4,190,70,0,20,0,2,0);
INSERT INTO pokemon_species VALUES(219,'magcargo',2,218,111,8,2,4,4,75,70,0,20,0,2,0);
INSERT INTO pokemon_species VALUES(220,'swinub',2,NULL,112,3,8,1,4,225,70,0,20,0,1,0);
INSERT INTO pokemon_species VALUES(221,'piloswine',2,220,112,3,8,1,4,75,70,0,20,1,1,0);
INSERT INTO pokemon_species VALUES(222,'corsola',2,NULL,113,6,14,7,6,60,70,0,20,0,3,0);
INSERT INTO pokemon_species VALUES(223,'remoraid',2,NULL,114,4,3,7,4,190,70,0,20,0,2,0);
INSERT INTO pokemon_species VALUES(224,'octillery',2,223,114,8,10,7,4,75,70,0,20,1,2,0);
INSERT INTO pokemon_species VALUES(225,'delibird',2,NULL,115,8,9,4,4,45,70,0,20,0,3,0);
INSERT INTO pokemon_species VALUES(226,'mantine',2,458,116,7,9,7,4,25,70,0,25,0,1,0);
INSERT INTO pokemon_species VALUES(227,'skarmory',2,NULL,117,4,9,6,4,25,70,0,25,0,1,0);
INSERT INTO pokemon_species VALUES(228,'houndour',2,NULL,118,1,8,6,4,120,35,0,20,0,1,0);
INSERT INTO pokemon_species VALUES(229,'houndoom',2,228,118,1,8,6,4,45,35,0,20,1,1,0);
INSERT INTO pokemon_species VALUES(230,'kingdra',2,117,54,2,5,7,4,45,70,0,20,0,2,0);
INSERT INTO pokemon_species VALUES(231,'phanpy',2,NULL,119,2,8,6,4,120,70,0,20,0,2,0);
INSERT INTO pokemon_species VALUES(232,'donphan',2,231,119,4,8,6,4,60,70,0,20,1,2,0);
INSERT INTO pokemon_species VALUES(233,'porygon2',2,137,68,8,7,8,-1,45,70,0,20,0,2,0);
INSERT INTO pokemon_species VALUES(234,'stantler',2,NULL,120,3,8,2,4,45,70,0,20,0,1,0);
INSERT INTO pokemon_species VALUES(235,'smeargle',2,NULL,121,9,6,8,4,45,70,0,20,0,3,0);
INSERT INTO pokemon_species VALUES(236,'tyrogue',2,NULL,47,7,12,8,0,75,70,1,25,0,2,0);
INSERT INTO pokemon_species VALUES(237,'hitmontop',2,236,47,3,6,8,0,45,70,0,25,0,2,0);
INSERT INTO pokemon_species VALUES(238,'smoochum',2,NULL,59,6,12,8,8,45,70,1,25,0,2,0);
INSERT INTO pokemon_species VALUES(239,'elekid',2,NULL,60,10,12,3,2,45,70,1,25,0,2,0);
INSERT INTO pokemon_species VALUES(240,'magby',2,NULL,61,8,6,4,2,45,70,1,25,0,2,0);
INSERT INTO pokemon_species VALUES(241,'miltank',2,NULL,122,6,6,3,8,45,70,0,20,0,1,0);
INSERT INTO pokemon_species VALUES(242,'blissey',2,113,51,6,12,8,8,30,140,0,40,0,3,0);
INSERT INTO pokemon_species VALUES(243,'raikou',2,NULL,123,10,8,3,-1,3,35,0,80,0,1,0);
INSERT INTO pokemon_species VALUES(244,'entei',2,NULL,124,3,8,3,-1,3,35,0,80,0,1,0);
INSERT INTO pokemon_species VALUES(245,'suicune',2,NULL,125,2,8,3,-1,3,35,0,80,0,1,0);
INSERT INTO pokemon_species VALUES(246,'larvitar',2,NULL,126,5,6,4,4,45,35,0,40,0,1,0);
INSERT INTO pokemon_species VALUES(247,'pupitar',2,246,126,4,2,4,4,45,35,0,40,0,1,0);
INSERT INTO pokemon_species VALUES(248,'tyranitar',2,247,126,5,6,4,4,45,35,0,40,0,1,0);
INSERT INTO pokemon_species VALUES(249,'lugia',2,NULL,127,9,9,5,-1,3,0,0,120,0,1,0);
INSERT INTO pokemon_species VALUES(250,'ho-oh',2,NULL,128,8,9,5,-1,3,0,0,120,0,1,0);
INSERT INTO pokemon_species VALUES(251,'celebi',2,NULL,129,5,12,2,-1,45,100,0,120,0,4,0);
INSERT INTO pokemon_species VALUES(252,'treecko',3,NULL,130,5,6,2,1,45,70,0,20,0,4,0);
INSERT INTO pokemon_species VALUES(253,'grovyle',3,252,130,5,6,2,1,45,70,0,20,0,4,0);
INSERT INTO pokemon_species VALUES(254,'sceptile',3,253,130,5,6,2,1,45,70,0,20,0,4,0);
INSERT INTO pokemon_species VALUES(255,'torchic',3,NULL,131,8,7,3,1,45,70,0,20,1,4,0);
INSERT INTO pokemon_species VALUES(256,'combusken',3,255,131,8,6,3,1,45,70,0,20,1,4,0);
INSERT INTO pokemon_species VALUES(257,'blaziken',3,256,131,8,6,3,1,45,70,0,20,1,4,0);
INSERT INTO pokemon_species VALUES(258,'mudkip',3,NULL,132,2,8,9,1,45,70,0,20,0,4,0);
INSERT INTO pokemon_species VALUES(259,'marshtomp',3,258,132,2,6,9,1,45,70,0,20,0,4,0);
INSERT INTO pokemon_species VALUES(260,'swampert',3,259,132,2,6,9,1,45,70,0,20,0,4,0);
INSERT INTO pokemon_species VALUES(261,'poochyena',3,NULL,133,4,8,3,4,255,70,0,15,0,2,0);
INSERT INTO pokemon_species VALUES(262,'mightyena',3,261,133,4,8,3,4,127,70,0,15,0,2,0);
INSERT INTO pokemon_species VALUES(263,'zigzagoon',3,NULL,134,3,8,3,4,255,70,0,15,0,2,0);
INSERT INTO pokemon_species VALUES(264,'linoone',3,263,134,9,8,3,4,90,70,0,15,0,2,0);
INSERT INTO pokemon_species VALUES(265,'wurmple',3,NULL,135,8,2,2,4,255,70,0,15,0,2,0);
INSERT INTO pokemon_species VALUES(266,'silcoon',3,265,135,9,1,2,4,120,70,0,15,0,2,0);
INSERT INTO pokemon_species VALUES(267,'beautifly',3,266,135,10,13,2,4,45,70,0,15,1,2,0);
INSERT INTO pokemon_species VALUES(268,'cascoon',3,265,135,7,1,2,4,120,70,0,15,0,2,0);
INSERT INTO pokemon_species VALUES(269,'dustox',3,268,135,5,13,2,4,45,70,0,15,1,2,0);
INSERT INTO pokemon_species VALUES(270,'lotad',3,NULL,136,5,14,9,4,255,70,0,15,0,4,0);
INSERT INTO pokemon_species VALUES(271,'lombre',3,270,136,5,12,9,4,120,70,0,15,0,4,0);
INSERT INTO pokemon_species VALUES(272,'ludicolo',3,271,136,5,12,9,4,45,70,0,15,1,4,0);
INSERT INTO pokemon_species VALUES(273,'seedot',3,NULL,137,3,7,2,4,255,70,0,15,0,4,0);
INSERT INTO pokemon_species VALUES(274,'nuzleaf',3,273,137,3,12,2,4,120,70,0,15,1,4,0);
INSERT INTO pokemon_species VALUES(275,'shiftry',3,274,137,3,12,2,4,45,70,0,15,1,4,0);
INSERT INTO pokemon_species VALUES(276,'taillow',3,NULL,138,2,9,3,4,200,70,0,15,0,4,0);
INSERT INTO pokemon_species VALUES(277,'swellow',3,276,138,2,9,3,4,45,70,0,15,0,4,0);
INSERT INTO pokemon_species VALUES(278,'wingull',3,NULL,139,9,9,7,4,190,70,0,20,0,2,0);
INSERT INTO pokemon_species VALUES(279,'pelipper',3,278,139,10,9,7,4,45,70,0,20,0,2,0);
INSERT INTO pokemon_species VALUES(280,'ralts',3,NULL,140,9,12,8,4,235,35,0,20,0,1,0);
INSERT INTO pokemon_species VALUES(281,'kirlia',3,280,140,9,12,8,4,120,35,0,20,0,1,0);
INSERT INTO pokemon_species VALUES(282,'gardevoir',3,281,140,9,12,8,4,45,35,0,20,0,1,0);
INSERT INTO pokemon_species VALUES(283,'surskit',3,NULL,141,2,14,9,4,200,70,0,15,0,2,0);
INSERT INTO pokemon_species VALUES(284,'masquerain',3,283,141,2,13,9,4,75,70,0,15,0,2,0);
INSERT INTO pokemon_species VALUES(285,'shroomish',3,NULL,142,3,7,2,4,255,70,0,15,0,6,0);
INSERT INTO pokemon_species VALUES(286,'breloom',3,285,142,5,6,2,4,90,70,0,15,0,6,0);
INSERT INTO pokemon_species VALUES(287,'slakoth',3,NULL,143,3,8,2,4,255,70,0,15,0,1,0);
INSERT INTO pokemon_species VALUES(288,'vigoroth',3,287,143,9,6,2,4,120,70,0,15,0,1,0);
INSERT INTO pokemon_species VALUES(289,'slaking',3,288,143,3,12,2,4,45,70,0,15,0,1,0);
INSERT INTO pokemon_species VALUES(290,'nincada',3,NULL,144,4,14,2,4,255,70,0,15,0,5,0);
INSERT INTO pokemon_species VALUES(291,'ninjask',3,290,144,10,13,2,4,120,70,0,15,0,5,0);
INSERT INTO pokemon_species VALUES(292,'shedinja',3,290,144,3,5,2,-1,45,70,0,15,0,5,0);
INSERT INTO pokemon_species VALUES(293,'whismur',3,NULL,145,6,6,1,4,190,70,0,20,0,4,0);
INSERT INTO pokemon_species VALUES(294,'loudred',3,293,145,2,6,1,4,120,70,0,20,0,4,0);
INSERT INTO pokemon_species VALUES(295,'exploud',3,294,145,2,6,1,4,45,70,0,20,0,4,0);
INSERT INTO pokemon_species VALUES(296,'makuhita',3,NULL,146,10,12,4,2,180,70,0,20,0,6,0);
INSERT INTO pokemon_species VALUES(297,'hariyama',3,296,146,3,12,4,2,200,70,0,20,0,6,0);
INSERT INTO pokemon_species VALUES(298,'azurill',3,NULL,90,2,7,9,6,150,70,1,10,0,3,0);
INSERT INTO pokemon_species VALUES(299,'nosepass',3,NULL,147,4,12,1,4,255,70,0,20,0,2,0);
INSERT INTO pokemon_species VALUES(300,'skitty',3,NULL,148,6,8,2,6,255,70,0,15,0,3,0);
INSERT INTO pokemon_species VALUES(301,'delcatty',3,300,148,7,8,2,6,60,70,0,15,0,3,0);
INSERT INTO pokemon_species VALUES(302,'sableye',3,NULL,149,7,12,1,4,45,35,0,25,0,4,0);
INSERT INTO pokemon_species VALUES(303,'mawile',3,NULL,150,1,12,1,4,45,70,0,20,0,3,0);
INSERT INTO pokemon_species VALUES(304,'aron',3,NULL,151,4,8,4,4,180,35,0,35,0,1,0);
INSERT INTO pokemon_species VALUES(305,'lairon',3,304,151,4,8,4,4,90,35,0,35,0,1,0);
INSERT INTO pokemon_species VALUES(306,'aggron',3,305,151,4,6,4,4,45,35,0,35,0,1,0);
INSERT INTO pokemon_species VALUES(307,'meditite',3,NULL,152,2,12,4,4,180,70,0,20,1,2,0);
INSERT INTO pokemon_species VALUES(308,'medicham',3,307,152,8,12,4,4,90,70,0,20,1,2,0);
INSERT INTO pokemon_species VALUES(309,'electrike',3,NULL,153,5,8,3,4,120,70,0,20,0,1,0);
INSERT INTO pokemon_species VALUES(310,'manectric',3,309,153,10,8,3,4,45,70,0,20,0,1,0);
INSERT INTO pokemon_species VALUES(311,'plusle',3,NULL,154,10,6,3,4,200,70,0,20,0,2,0);
INSERT INTO pokemon_species VALUES(312,'minun',3,NULL,155,10,6,3,4,200,70,0,20,0,2,0);
INSERT INTO pokemon_species VALUES(313,'volbeat',3,NULL,156,4,6,2,0,150,70,0,15,0,5,0);
INSERT INTO pokemon_species VALUES(314,'illumise',3,NULL,157,7,12,2,8,150,70,0,15,0,6,0);
INSERT INTO pokemon_species VALUES(315,'roselia',3,406,158,5,12,3,4,150,70,0,20,1,4,0);
INSERT INTO pokemon_species VALUES(316,'gulpin',3,NULL,159,5,4,3,4,225,70,0,20,1,6,0);
INSERT INTO pokemon_species VALUES(317,'swalot',3,316,159,7,4,3,4,75,70,0,20,1,6,0);
INSERT INTO pokemon_species VALUES(318,'carvanha',3,NULL,160,8,3,7,4,225,35,0,20,0,1,0);
INSERT INTO pokemon_species VALUES(319,'sharpedo',3,318,160,2,3,7,4,60,35,0,20,0,1,0);
INSERT INTO pokemon_species VALUES(320,'wailmer',3,NULL,161,2,3,7,4,125,70,0,40,0,6,0);
INSERT INTO pokemon_species VALUES(321,'wailord',3,320,161,2,3,7,4,60,70,0,40,0,6,0);
INSERT INTO pokemon_species VALUES(322,'numel',3,NULL,162,10,8,4,4,255,70,0,20,1,2,0);
INSERT INTO pokemon_species VALUES(323,'camerupt',3,322,162,8,8,4,4,150,70,0,20,1,2,0);
INSERT INTO pokemon_species VALUES(324,'torkoal',3,NULL,163,3,8,4,4,90,70,0,20,0,2,0);
INSERT INTO pokemon_species VALUES(325,'spoink',3,NULL,164,1,4,4,4,255,70,0,20,0,3,0);
INSERT INTO pokemon_species VALUES(326,'grumpig',3,325,164,7,6,4,4,60,70,0,20,0,3,0);
INSERT INTO pokemon_species VALUES(327,'spinda',3,NULL,165,3,6,4,4,255,70,0,15,0,3,0);
INSERT INTO pokemon_species VALUES(328,'trapinch',3,NULL,166,3,14,6,4,255,70,0,20,0,4,0);
INSERT INTO pokemon_species VALUES(329,'vibrava',3,328,166,5,13,6,4,120,70,0,20,0,4,0);
INSERT INTO pokemon_species VALUES(330,'flygon',3,329,166,5,9,6,4,45,70,0,20,0,4,0);
INSERT INTO pokemon_species VALUES(331,'cacnea',3,NULL,167,5,12,6,4,190,35,0,20,0,4,0);
INSERT INTO pokemon_species VALUES(332,'cacturne',3,331,167,5,12,6,4,60,35,0,20,1,4,0);
INSERT INTO pokemon_species VALUES(333,'swablu',3,NULL,168,2,9,2,4,255,70,0,20,0,5,0);
INSERT INTO pokemon_species VALUES(334,'altaria',3,333,168,2,9,2,4,45,70,0,20,0,5,0);
INSERT INTO pokemon_species VALUES(335,'zangoose',3,NULL,169,9,6,3,4,90,70,0,20,0,5,0);
INSERT INTO pokemon_species VALUES(336,'seviper',3,NULL,170,1,2,3,4,90,70,0,20,0,6,0);
INSERT INTO pokemon_species VALUES(337,'lunatone',3,NULL,171,10,1,1,-1,45,70,0,25,0,3,0);
INSERT INTO pokemon_species VALUES(338,'solrock',3,NULL,172,8,1,1,-1,45,70,0,25,0,3,0);
INSERT INTO pokemon_species VALUES(339,'barboach',3,NULL,173,4,3,9,4,190,70,0,20,0,2,0);
INSERT INTO pokemon_species VALUES(340,'whiscash',3,339,173,2,3,9,4,75,70,0,20,0,2,0);
INSERT INTO pokemon_species VALUES(341,'corphish',3,NULL,174,8,14,9,4,205,70,0,15,0,6,0);
INSERT INTO pokemon_species VALUES(342,'crawdaunt',3,341,174,8,14,9,4,155,70,0,15,0,6,0);
INSERT INTO pokemon_species VALUES(343,'baltoy',3,NULL,175,3,4,6,-1,255,70,0,20,0,2,0);
INSERT INTO pokemon_species VALUES(344,'claydol',3,343,175,1,4,6,-1,90,70,0,20,0,2,0);
INSERT INTO pokemon_species VALUES(345,'lileep',3,NULL,176,7,5,7,1,45,70,0,30,0,5,0);
INSERT INTO pokemon_species VALUES(346,'cradily',3,345,176,5,5,7,1,45,70,0,30,0,5,0);
INSERT INTO pokemon_species VALUES(347,'anorith',3,NULL,177,4,14,9,1,45,70,0,30,0,5,0);
INSERT INTO pokemon_species VALUES(348,'armaldo',3,347,177,4,6,9,1,45,70,0,30,0,5,0);
INSERT INTO pokemon_species VALUES(349,'feebas',3,NULL,178,3,3,9,4,255,70,0,20,0,5,0);
INSERT INTO pokemon_species VALUES(350,'milotic',3,349,178,6,2,9,4,60,70,0,20,1,5,0);
INSERT INTO pokemon_species VALUES(351,'castform',3,NULL,179,9,1,3,4,45,70,0,25,0,2,1);
INSERT INTO pokemon_species VALUES(352,'kecleon',3,NULL,180,5,6,2,4,200,70,0,20,0,4,0);
INSERT INTO pokemon_species VALUES(353,'shuppet',3,NULL,181,1,1,8,4,225,35,0,25,0,3,0);
INSERT INTO pokemon_species VALUES(354,'banette',3,353,181,1,6,8,4,45,35,0,25,0,3,0);
INSERT INTO pokemon_species VALUES(355,'duskull',3,NULL,182,1,4,2,4,190,35,0,25,0,3,0);
INSERT INTO pokemon_species VALUES(356,'dusclops',3,355,182,1,12,2,4,90,35,0,25,0,3,0);
INSERT INTO pokemon_species VALUES(357,'tropius',3,NULL,183,5,8,2,4,200,70,0,25,0,1,0);
INSERT INTO pokemon_species VALUES(358,'chimecho',3,433,184,2,4,3,4,45,70,0,25,0,3,0);
INSERT INTO pokemon_species VALUES(359,'absol',3,NULL,185,9,8,4,4,30,35,0,25,0,4,0);
INSERT INTO pokemon_species VALUES(360,'wynaut',3,NULL,100,2,6,1,4,125,70,1,20,0,2,0);
INSERT INTO pokemon_species VALUES(361,'snorunt',3,NULL,186,4,12,1,4,190,70,0,20,0,2,0);
INSERT INTO pokemon_species VALUES(362,'glalie',3,361,186,4,1,1,4,75,70,0,20,0,2,0);
INSERT INTO pokemon_species VALUES(363,'spheal',3,NULL,187,2,3,7,4,255,70,0,20,0,4,0);
INSERT INTO pokemon_species VALUES(364,'sealeo',3,363,187,2,3,7,4,120,70,0,20,0,4,0);
INSERT INTO pokemon_species VALUES(365,'walrein',3,364,187,2,8,7,4,45,70,0,20,0,4,0);
INSERT INTO pokemon_species VALUES(366,'clamperl',3,NULL,188,2,1,7,4,255,70,0,20,0,5,0);
INSERT INTO pokemon_species VALUES(367,'huntail',3,366,188,2,2,7,4,60,70,0,20,0,5,0);
INSERT INTO pokemon_species VALUES(368,'gorebyss',3,366,188,6,2,7,4,60,70,0,20,0,5,0);
INSERT INTO pokemon_species VALUES(369,'relicanth',3,NULL,189,4,3,7,1,25,70,0,40,1,1,0);
INSERT INTO pokemon_species VALUES(370,'luvdisc',3,NULL,190,6,3,7,6,225,70,0,20,0,3,0);
INSERT INTO pokemon_species VALUES(371,'bagon',3,NULL,191,2,12,6,4,45,35,0,40,0,1,0);
INSERT INTO pokemon_species VALUES(372,'shelgon',3,371,191,9,8,6,4,45,35,0,40,0,1,0);
INSERT INTO pokemon_species VALUES(373,'salamence',3,372,191,2,8,6,4,45,35,0,40,0,1,0);
INSERT INTO pokemon_species VALUES(374,'beldum',3,NULL,192,2,5,6,-1,3,35,0,40,0,1,0);
INSERT INTO pokemon_species VALUES(375,'metang',3,374,192,2,4,6,-1,3,35,0,40,0,1,0);
INSERT INTO pokemon_species VALUES(376,'metagross',3,375,192,2,11,6,-1,3,35,0,40,0,1,0);
INSERT INTO pokemon_species VALUES(377,'regirock',3,NULL,193,3,12,1,-1,3,35,0,80,0,1,0);
INSERT INTO pokemon_species VALUES(378,'regice',3,NULL,194,2,12,1,-1,3,35,0,80,0,1,0);
INSERT INTO pokemon_species VALUES(379,'registeel',3,NULL,195,4,12,1,-1,3,35,0,80,0,1,0);
INSERT INTO pokemon_species VALUES(380,'latias',3,NULL,196,8,9,9,8,3,90,0,120,0,1,0);
INSERT INTO pokemon_species VALUES(381,'latios',3,NULL,197,2,9,9,0,3,90,0,120,0,1,0);
INSERT INTO pokemon_species VALUES(382,'kyogre',3,NULL,198,2,3,7,-1,5,0,0,120,0,1,0);
INSERT INTO pokemon_species VALUES(383,'groudon',3,NULL,199,8,6,6,-1,5,0,0,120,0,1,0);
INSERT INTO pokemon_species VALUES(384,'rayquaza',3,NULL,200,5,2,5,-1,3,0,0,120,0,1,0);
INSERT INTO pokemon_species VALUES(385,'jirachi',3,NULL,201,10,12,4,-1,3,100,0,120,0,1,0);
INSERT INTO pokemon_species VALUES(386,'deoxys',3,NULL,202,8,12,5,-1,3,0,0,120,0,1,1);
INSERT INTO pokemon_species VALUES(387,'turtwig',4,NULL,203,5,8,NULL,1,45,70,0,20,0,4,0);
INSERT INTO pokemon_species VALUES(388,'grotle',4,387,203,5,8,NULL,1,45,70,0,20,0,4,0);
INSERT INTO pokemon_species VALUES(389,'torterra',4,388,203,5,8,NULL,1,45,70,0,20,0,4,0);
INSERT INTO pokemon_species VALUES(390,'chimchar',4,NULL,204,3,6,NULL,1,45,70,0,20,0,4,0);
INSERT INTO pokemon_species VALUES(391,'monferno',4,390,204,3,6,NULL,1,45,70,0,20,0,4,0);
INSERT INTO pokemon_species VALUES(392,'infernape',4,391,204,3,6,NULL,1,45,70,0,20,0,4,0);
INSERT INTO pokemon_species VALUES(393,'piplup',4,NULL,205,2,12,NULL,1,45,70,0,20,0,4,0);
INSERT INTO pokemon_species VALUES(394,'prinplup',4,393,205,2,6,NULL,1,45,70,0,20,0,4,0);
INSERT INTO pokemon_species VALUES(395,'empoleon',4,394,205,2,6,NULL,1,45,70,0,20,0,4,0);
INSERT INTO pokemon_species VALUES(396,'starly',4,NULL,206,3,9,NULL,4,255,70,0,15,1,4,0);
INSERT INTO pokemon_species VALUES(397,'staravia',4,396,206,3,9,NULL,4,120,70,0,15,1,4,0);
INSERT INTO pokemon_species VALUES(398,'staraptor',4,397,206,3,9,NULL,4,45,70,0,15,1,4,0);
INSERT INTO pokemon_species VALUES(399,'bidoof',4,NULL,207,3,8,NULL,4,255,70,0,15,1,2,0);
INSERT INTO pokemon_species VALUES(400,'bibarel',4,399,207,3,6,NULL,4,127,70,0,15,1,2,0);
INSERT INTO pokemon_species VALUES(401,'kricketot',4,NULL,208,8,12,NULL,4,255,70,0,15,1,4,0);
INSERT INTO pokemon_species VALUES(402,'kricketune',4,401,208,8,13,NULL,4,45,70,0,15,1,4,0);
INSERT INTO pokemon_species VALUES(403,'shinx',4,NULL,209,2,8,NULL,4,235,70,0,20,1,4,0);
INSERT INTO pokemon_species VALUES(404,'luxio',4,403,209,2,8,NULL,4,120,100,0,20,1,4,0);
INSERT INTO pokemon_species VALUES(405,'luxray',4,404,209,2,8,NULL,4,45,70,0,20,1,4,0);
INSERT INTO pokemon_species VALUES(406,'budew',4,NULL,158,5,12,NULL,4,255,70,1,20,0,4,0);
INSERT INTO pokemon_species VALUES(407,'roserade',4,315,158,5,12,NULL,4,75,70,0,20,1,4,0);
INSERT INTO pokemon_species VALUES(408,'cranidos',4,NULL,211,2,6,NULL,1,45,70,0,30,0,5,0);
INSERT INTO pokemon_species VALUES(409,'rampardos',4,408,211,2,6,NULL,1,45,70,0,30,0,5,0);
INSERT INTO pokemon_species VALUES(410,'shieldon',4,NULL,212,4,8,NULL,1,45,70,0,30,0,5,0);
INSERT INTO pokemon_species VALUES(411,'bastiodon',4,410,212,4,8,NULL,1,45,70,0,30,0,5,0);
INSERT INTO pokemon_species VALUES(412,'burmy',4,NULL,213,4,2,NULL,4,120,70,0,15,0,2,1);
INSERT INTO pokemon_species VALUES(413,'wormadam',4,412,213,4,2,NULL,8,45,70,0,15,0,2,0);
INSERT INTO pokemon_species VALUES(414,'mothim',4,412,213,10,13,NULL,0,45,70,0,15,0,2,0);
INSERT INTO pokemon_species VALUES(415,'combee',4,NULL,214,10,11,NULL,1,120,70,0,15,1,4,0);
INSERT INTO pokemon_species VALUES(416,'vespiquen',4,415,214,10,9,NULL,8,45,70,0,15,0,4,0);
INSERT INTO pokemon_species VALUES(417,'pachirisu',4,NULL,215,9,8,NULL,4,200,100,0,10,1,2,0);
INSERT INTO pokemon_species VALUES(418,'buizel',4,NULL,216,3,8,NULL,4,190,70,0,20,1,2,0);
INSERT INTO pokemon_species VALUES(419,'floatzel',4,418,216,3,8,NULL,4,75,70,0,20,1,2,0);
INSERT INTO pokemon_species VALUES(420,'cherubi',4,NULL,217,6,11,NULL,4,190,70,0,20,0,2,0);
INSERT INTO pokemon_species VALUES(421,'cherrim',4,420,217,6,7,NULL,4,75,70,0,20,0,2,1);
INSERT INTO pokemon_species VALUES(422,'shellos',4,NULL,218,7,14,NULL,4,190,70,0,20,0,2,0);
INSERT INTO pokemon_species VALUES(423,'gastrodon',4,422,218,7,14,NULL,4,75,70,0,20,0,2,0);
INSERT INTO pokemon_species VALUES(424,'ambipom',4,190,93,7,6,NULL,4,45,100,0,20,1,3,0);
INSERT INTO pokemon_species VALUES(425,'drifloon',4,NULL,219,7,4,NULL,4,125,70,0,30,0,6,0);
INSERT INTO pokemon_species VALUES(426,'drifblim',4,425,219,7,4,NULL,4,60,70,0,30,0,6,0);
INSERT INTO pokemon_species VALUES(427,'buneary',4,NULL,220,3,6,NULL,4,190,0,0,20,0,2,0);
INSERT INTO pokemon_species VALUES(428,'lopunny',4,427,220,3,6,NULL,4,60,140,0,20,0,2,0);
INSERT INTO pokemon_species VALUES(429,'mismagius',4,200,98,7,1,NULL,4,45,35,0,25,0,3,0);
INSERT INTO pokemon_species VALUES(430,'honchkrow',4,198,97,1,9,NULL,4,30,35,0,20,0,4,0);
INSERT INTO pokemon_species VALUES(431,'glameow',4,NULL,221,4,8,NULL,6,190,70,0,20,0,3,0);
INSERT INTO pokemon_species VALUES(432,'purugly',4,431,221,4,8,NULL,6,75,70,0,20,0,3,0);
INSERT INTO pokemon_species VALUES(433,'chingling',4,NULL,184,10,12,NULL,4,120,70,1,25,0,3,0);
INSERT INTO pokemon_species VALUES(434,'stunky',4,NULL,223,7,8,NULL,4,225,70,0,20,0,2,0);
INSERT INTO pokemon_species VALUES(435,'skuntank',4,434,223,7,8,NULL,4,60,70,0,20,0,2,0);
INSERT INTO pokemon_species VALUES(436,'bronzor',4,NULL,224,5,1,NULL,-1,255,70,0,20,0,2,0);
INSERT INTO pokemon_species VALUES(437,'bronzong',4,436,224,5,4,NULL,-1,90,70,0,20,0,2,0);
INSERT INTO pokemon_species VALUES(438,'bonsly',4,NULL,91,3,7,NULL,4,255,70,1,20,0,2,0);
INSERT INTO pokemon_species VALUES(439,'mime-jr',4,NULL,57,6,12,NULL,4,145,70,1,25,0,2,0);
INSERT INTO pokemon_species VALUES(440,'happiny',4,NULL,51,6,12,NULL,8,130,140,1,40,0,3,0);
INSERT INTO pokemon_species VALUES(441,'chatot',4,NULL,228,1,9,NULL,4,30,35,0,20,0,4,0);
INSERT INTO pokemon_species VALUES(442,'spiritomb',4,NULL,229,7,5,NULL,4,100,70,0,30,0,2,0);
INSERT INTO pokemon_species VALUES(443,'gible',4,NULL,230,2,6,NULL,4,45,70,0,40,1,1,0);
INSERT INTO pokemon_species VALUES(444,'gabite',4,443,230,2,6,NULL,4,45,70,0,40,1,1,0);
INSERT INTO pokemon_species VALUES(445,'garchomp',4,444,230,2,6,NULL,4,45,70,0,40,1,1,0);
INSERT INTO pokemon_species VALUES(446,'munchlax',4,NULL,72,1,12,NULL,1,50,70,1,40,0,1,0);
INSERT INTO pokemon_species VALUES(447,'riolu',4,NULL,232,2,6,NULL,1,75,70,1,25,0,4,0);
INSERT INTO pokemon_species VALUES(448,'lucario',4,447,232,2,6,NULL,1,45,70,0,25,0,4,0);
INSERT INTO pokemon_species VALUES(449,'hippopotas',4,NULL,233,3,8,NULL,4,140,70,0,30,1,1,0);
INSERT INTO pokemon_species VALUES(450,'hippowdon',4,449,233,3,8,NULL,4,60,70,0,30,1,1,0);
INSERT INTO pokemon_species VALUES(451,'skorupi',4,NULL,234,7,14,NULL,4,120,70,0,20,0,1,0);
INSERT INTO pokemon_species VALUES(452,'drapion',4,451,234,7,14,NULL,4,45,70,0,20,0,1,0);
INSERT INTO pokemon_species VALUES(453,'croagunk',4,NULL,235,2,12,NULL,4,140,100,0,10,1,2,0);
INSERT INTO pokemon_species VALUES(454,'toxicroak',4,453,235,2,12,NULL,4,75,70,0,20,1,2,0);
INSERT INTO pokemon_species VALUES(455,'carnivine',4,NULL,236,5,10,NULL,4,200,70,0,25,0,1,0);
INSERT INTO pokemon_species VALUES(456,'finneon',4,NULL,237,2,3,NULL,4,190,70,0,20,1,5,0);
INSERT INTO pokemon_species VALUES(457,'lumineon',4,456,237,2,3,NULL,4,75,70,0,20,1,5,0);
INSERT INTO pokemon_species VALUES(458,'mantyke',4,NULL,116,2,9,NULL,4,25,70,1,25,0,1,0);
INSERT INTO pokemon_species VALUES(459,'snover',4,NULL,239,9,6,NULL,4,120,70,0,20,1,1,0);
INSERT INTO pokemon_species VALUES(460,'abomasnow',4,459,239,9,6,NULL,4,60,70,0,20,1,1,0);
INSERT INTO pokemon_species VALUES(461,'weavile',4,215,109,1,6,NULL,4,45,35,0,20,1,4,0);
INSERT INTO pokemon_species VALUES(462,'magnezone',4,82,34,4,4,NULL,-1,30,70,0,20,0,2,0);
INSERT INTO pokemon_species VALUES(463,'lickilicky',4,108,48,6,12,NULL,4,30,70,0,20,0,2,0);
INSERT INTO pokemon_species VALUES(464,'rhyperior',4,112,50,4,6,NULL,4,30,70,0,20,1,1,0);
INSERT INTO pokemon_species VALUES(465,'tangrowth',4,114,52,2,12,NULL,4,30,70,0,20,1,2,0);
INSERT INTO pokemon_species VALUES(466,'electivire',4,125,60,10,6,NULL,2,30,70,0,25,0,2,0);
INSERT INTO pokemon_species VALUES(467,'magmortar',4,126,61,8,6,NULL,2,30,70,0,25,0,2,0);
INSERT INTO pokemon_species VALUES(468,'togekiss',4,176,87,9,9,NULL,1,30,70,0,10,0,3,0);
INSERT INTO pokemon_species VALUES(469,'yanmega',4,193,95,5,13,NULL,4,30,70,0,20,0,2,0);
INSERT INTO pokemon_species VALUES(470,'leafeon',4,133,67,5,8,NULL,1,45,35,0,35,0,2,0);
INSERT INTO pokemon_species VALUES(471,'glaceon',4,133,67,2,8,NULL,1,45,35,0,35,0,2,0);
INSERT INTO pokemon_species VALUES(472,'gliscor',4,207,104,7,9,NULL,4,30,70,0,20,0,4,0);
INSERT INTO pokemon_species VALUES(473,'mamoswine',4,221,112,3,8,NULL,4,50,70,0,20,1,1,0);
INSERT INTO pokemon_species VALUES(474,'porygon-z',4,233,68,8,4,NULL,-1,30,70,0,20,0,2,0);
INSERT INTO pokemon_species VALUES(475,'gallade',4,281,140,9,12,NULL,0,45,35,0,20,0,1,0);
INSERT INTO pokemon_species VALUES(476,'probopass',4,299,147,4,11,NULL,4,60,70,0,20,0,2,0);
INSERT INTO pokemon_species VALUES(477,'dusknoir',4,356,182,1,4,NULL,4,45,35,0,25,0,3,0);
INSERT INTO pokemon_species VALUES(478,'froslass',4,361,186,9,4,NULL,8,75,70,0,20,0,2,0);
INSERT INTO pokemon_species VALUES(479,'rotom',4,NULL,240,8,1,NULL,-1,45,70,0,20,0,2,1);
INSERT INTO pokemon_species VALUES(480,'uxie',4,NULL,241,10,6,NULL,-1,3,140,0,80,0,1,0);
INSERT INTO pokemon_species VALUES(481,'mesprit',4,NULL,242,6,6,NULL,-1,3,140,0,80,0,1,0);
INSERT INTO pokemon_species VALUES(482,'azelf',4,NULL,243,2,6,NULL,-1,3,140,0,80,0,1,0);
INSERT INTO pokemon_species VALUES(483,'dialga',4,NULL,244,9,8,NULL,-1,30,0,0,120,0,1,0);
INSERT INTO pokemon_species VALUES(484,'palkia',4,NULL,245,7,6,NULL,-1,30,0,0,120,0,1,0);
INSERT INTO pokemon_species VALUES(485,'heatran',4,NULL,246,3,8,NULL,4,3,100,0,10,0,1,0);
INSERT INTO pokemon_species VALUES(486,'regigigas',4,NULL,247,9,12,NULL,-1,3,0,0,120,0,1,0);
INSERT INTO pokemon_species VALUES(487,'giratina',4,NULL,248,1,10,NULL,-1,3,0,0,120,0,1,1);
INSERT INTO pokemon_species VALUES(488,'cresselia',4,NULL,249,10,14,NULL,8,3,100,0,120,0,1,0);
INSERT INTO pokemon_species VALUES(489,'phione',4,NULL,250,2,4,NULL,-1,30,70,0,40,0,1,0);
INSERT INTO pokemon_species VALUES(490,'manaphy',4,NULL,250,2,12,NULL,-1,3,70,0,10,0,1,0);
INSERT INTO pokemon_species VALUES(491,'darkrai',4,NULL,252,1,12,NULL,-1,3,0,0,120,0,1,0);
INSERT INTO pokemon_species VALUES(492,'shaymin',4,NULL,253,5,8,NULL,-1,45,100,0,120,0,4,1);
INSERT INTO pokemon_species VALUES(493,'arceus',4,NULL,254,4,8,NULL,-1,3,0,0,120,0,1,1);
INSERT INTO pokemon_species VALUES(494,'victini',5,NULL,255,10,12,NULL,-1,3,100,0,120,0,1,0);
INSERT INTO pokemon_species VALUES(495,'snivy',5,NULL,256,5,6,NULL,1,45,70,0,20,0,4,0);
INSERT INTO pokemon_species VALUES(496,'servine',5,495,256,5,6,NULL,1,45,70,0,20,0,4,0);
INSERT INTO pokemon_species VALUES(497,'serperior',5,496,256,5,2,NULL,1,45,70,0,20,0,4,0);
INSERT INTO pokemon_species VALUES(498,'tepig',5,NULL,257,8,8,NULL,1,45,70,0,20,0,4,0);
INSERT INTO pokemon_species VALUES(499,'pignite',5,498,257,8,6,NULL,1,45,70,0,20,0,4,0);
INSERT INTO pokemon_species VALUES(500,'emboar',5,499,257,8,6,NULL,1,45,70,0,20,0,4,0);
INSERT INTO pokemon_species VALUES(501,'oshawott',5,NULL,258,2,6,NULL,1,45,70,0,20,0,4,0);
INSERT INTO pokemon_species VALUES(502,'dewott',5,501,258,2,6,NULL,1,45,70,0,20,0,4,0);
INSERT INTO pokemon_species VALUES(503,'samurott',5,502,258,2,8,NULL,1,45,70,0,20,0,4,0);
INSERT INTO pokemon_species VALUES(504,'patrat',5,NULL,259,3,8,NULL,4,255,70,0,15,0,2,0);
INSERT INTO pokemon_species VALUES(505,'watchog',5,504,259,3,6,NULL,4,255,70,0,20,0,2,0);
INSERT INTO pokemon_species VALUES(506,'lillipup',5,NULL,260,3,8,NULL,4,255,70,0,15,0,4,0);
INSERT INTO pokemon_species VALUES(507,'herdier',5,506,260,4,8,NULL,4,120,70,0,15,0,4,0);
INSERT INTO pokemon_species VALUES(508,'stoutland',5,507,260,4,8,NULL,4,45,70,0,15,0,4,0);
INSERT INTO pokemon_species VALUES(509,'purrloin',5,NULL,261,7,8,NULL,4,255,70,0,20,0,2,0);
INSERT INTO pokemon_species VALUES(510,'liepard',5,509,261,7,8,NULL,4,90,70,0,20,0,2,0);
INSERT INTO pokemon_species VALUES(511,'pansage',5,NULL,262,5,6,NULL,1,190,70,0,20,0,2,0);
INSERT INTO pokemon_species VALUES(512,'simisage',5,511,262,5,6,NULL,1,75,70,0,20,0,2,0);
INSERT INTO pokemon_species VALUES(513,'pansear',5,NULL,263,8,6,NULL,1,190,70,0,20,0,2,0);
INSERT INTO pokemon_species VALUES(514,'simisear',5,513,263,8,6,NULL,1,75,70,0,20,0,2,0);
INSERT INTO pokemon_species VALUES(515,'panpour',5,NULL,264,2,6,NULL,1,190,70,0,20,0,2,0);
INSERT INTO pokemon_species VALUES(516,'simipour',5,515,264,2,6,NULL,1,75,70,0,20,0,2,0);
INSERT INTO pokemon_species VALUES(517,'munna',5,NULL,265,6,8,NULL,4,190,70,0,10,0,3,0);
INSERT INTO pokemon_species VALUES(518,'musharna',5,517,265,6,12,NULL,4,75,70,0,10,0,3,0);
INSERT INTO pokemon_species VALUES(519,'pidove',5,NULL,266,4,9,NULL,4,255,70,0,15,0,4,0);
INSERT INTO pokemon_species VALUES(520,'tranquill',5,519,266,4,9,NULL,4,120,70,0,15,0,4,0);
INSERT INTO pokemon_species VALUES(521,'unfezant',5,520,266,4,9,NULL,4,45,70,0,15,1,4,0);
INSERT INTO pokemon_species VALUES(522,'blitzle',5,NULL,267,1,8,NULL,4,190,70,0,20,0,2,0);
INSERT INTO pokemon_species VALUES(523,'zebstrika',5,522,267,1,8,NULL,4,75,70,0,20,0,2,0);
INSERT INTO pokemon_species VALUES(524,'roggenrola',5,NULL,268,2,7,NULL,4,255,70,0,15,0,4,0);
INSERT INTO pokemon_species VALUES(525,'boldore',5,524,268,2,10,NULL,4,120,70,0,15,0,4,0);
INSERT INTO pokemon_species VALUES(526,'gigalith',5,525,268,2,10,NULL,4,45,70,0,15,0,4,0);
INSERT INTO pokemon_species VALUES(527,'woobat',5,NULL,269,2,9,NULL,4,190,70,0,15,0,2,0);
INSERT INTO pokemon_species VALUES(528,'swoobat',5,527,269,2,9,NULL,4,45,70,0,15,0,2,0);
INSERT INTO pokemon_species VALUES(529,'drilbur',5,NULL,270,4,6,NULL,4,120,70,0,20,0,2,0);
INSERT INTO pokemon_species VALUES(530,'excadrill',5,529,270,4,12,NULL,4,60,70,0,20,0,2,0);
INSERT INTO pokemon_species VALUES(531,'audino',5,NULL,271,6,6,NULL,4,255,70,0,20,0,3,0);
INSERT INTO pokemon_species VALUES(532,'timburr',5,NULL,272,4,12,NULL,2,180,70,0,20,0,4,0);
INSERT INTO pokemon_species VALUES(533,'gurdurr',5,532,272,4,12,NULL,2,90,70,0,20,0,4,0);
INSERT INTO pokemon_species VALUES(534,'conkeldurr',5,533,272,3,12,NULL,2,45,70,0,20,0,4,0);
INSERT INTO pokemon_species VALUES(535,'tympole',5,NULL,273,2,3,NULL,4,255,70,0,20,0,4,0);
INSERT INTO pokemon_species VALUES(536,'palpitoad',5,535,273,2,6,NULL,4,120,70,0,20,0,4,0);
INSERT INTO pokemon_species VALUES(537,'seismitoad',5,536,273,2,12,NULL,4,45,70,0,20,0,4,0);
INSERT INTO pokemon_species VALUES(538,'throh',5,NULL,274,8,12,NULL,0,45,70,0,20,0,2,0);
INSERT INTO pokemon_species VALUES(539,'sawk',5,NULL,275,2,12,NULL,0,45,70,0,20,0,2,0);
INSERT INTO pokemon_species VALUES(540,'sewaddle',5,NULL,276,10,14,NULL,4,255,70,0,15,0,4,0);
INSERT INTO pokemon_species VALUES(541,'swadloon',5,540,276,5,4,NULL,4,120,70,0,15,0,4,0);
INSERT INTO pokemon_species VALUES(542,'leavanny',5,541,276,10,12,NULL,4,45,70,0,15,0,4,0);
INSERT INTO pokemon_species VALUES(543,'venipede',5,NULL,277,8,14,NULL,4,255,70,0,15,0,4,0);
INSERT INTO pokemon_species VALUES(544,'whirlipede',5,543,277,4,1,NULL,4,120,70,0,15,0,4,0);
INSERT INTO pokemon_species VALUES(545,'scolipede',5,544,277,8,14,NULL,4,45,70,0,20,0,4,0);
INSERT INTO pokemon_species VALUES(546,'cottonee',5,NULL,278,5,1,NULL,4,190,70,0,20,0,2,0);
INSERT INTO pokemon_species VALUES(547,'whimsicott',5,546,278,5,12,NULL,4,75,70,0,20,0,2,0);
INSERT INTO pokemon_species VALUES(548,'petilil',5,NULL,279,5,5,NULL,8,190,70,0,20,0,2,0);
INSERT INTO pokemon_species VALUES(549,'lilligant',5,548,279,5,5,NULL,8,75,70,0,20,0,2,0);
INSERT INTO pokemon_species VALUES(550,'basculin',5,NULL,280,5,3,NULL,4,25,70,0,40,0,2,0);
INSERT INTO pokemon_species VALUES(551,'sandile',5,NULL,281,3,8,NULL,4,180,70,0,20,0,4,0);
INSERT INTO pokemon_species VALUES(552,'krokorok',5,551,281,3,8,NULL,4,90,70,0,20,0,4,0);
INSERT INTO pokemon_species VALUES(553,'krookodile',5,552,281,8,6,NULL,4,45,70,0,20,0,4,0);
INSERT INTO pokemon_species VALUES(554,'darumaka',5,NULL,282,8,12,NULL,4,120,70,0,20,0,4,0);
INSERT INTO pokemon_species VALUES(555,'darmanitan',5,554,282,8,8,NULL,4,60,70,0,20,0,4,1);
INSERT INTO pokemon_species VALUES(556,'maractus',5,NULL,283,5,5,NULL,4,255,70,0,20,0,2,0);
INSERT INTO pokemon_species VALUES(557,'dwebble',5,NULL,284,8,14,NULL,4,190,70,0,20,0,2,0);
INSERT INTO pokemon_species VALUES(558,'crustle',5,557,284,8,14,NULL,4,75,70,0,20,0,2,0);
INSERT INTO pokemon_species VALUES(559,'scraggy',5,NULL,285,10,6,NULL,4,180,35,0,15,0,2,0);
INSERT INTO pokemon_species VALUES(560,'scrafty',5,559,285,8,6,NULL,4,90,70,0,15,0,2,0);
INSERT INTO pokemon_species VALUES(561,'sigilyph',5,NULL,286,1,9,NULL,4,45,70,0,20,0,2,0);
INSERT INTO pokemon_species VALUES(562,'yamask',5,NULL,287,1,4,NULL,4,190,70,0,25,0,2,0);
INSERT INTO pokemon_species VALUES(563,'cofagrigus',5,562,287,10,5,NULL,4,90,70,0,25,0,2,0);
INSERT INTO pokemon_species VALUES(564,'tirtouga',5,NULL,288,2,8,NULL,1,45,70,0,30,0,2,0);
INSERT INTO pokemon_species VALUES(565,'carracosta',5,564,288,2,6,NULL,1,45,70,0,30,0,2,0);
INSERT INTO pokemon_species VALUES(566,'archen',5,NULL,289,10,9,NULL,1,45,70,0,30,0,2,0);
INSERT INTO pokemon_species VALUES(567,'archeops',5,566,289,10,9,NULL,1,45,70,0,30,0,2,0);
INSERT INTO pokemon_species VALUES(568,'trubbish',5,NULL,290,5,12,NULL,4,190,70,0,20,0,2,0);
INSERT INTO pokemon_species VALUES(569,'garbodor',5,568,290,5,12,NULL,4,60,70,0,20,0,2,0);
INSERT INTO pokemon_species VALUES(570,'zorua',5,NULL,291,4,8,NULL,1,75,70,0,25,0,4,0);
INSERT INTO pokemon_species VALUES(571,'zoroark',5,570,291,4,6,NULL,1,45,70,0,20,0,4,0);
INSERT INTO pokemon_species VALUES(572,'minccino',5,NULL,292,4,8,NULL,6,255,70,0,15,0,3,0);
INSERT INTO pokemon_species VALUES(573,'cinccino',5,572,292,4,8,NULL,6,60,70,0,15,0,3,0);
INSERT INTO pokemon_species VALUES(574,'gothita',5,NULL,293,7,12,NULL,6,200,70,0,20,0,4,0);
INSERT INTO pokemon_species VALUES(575,'gothorita',5,574,293,7,12,NULL,6,100,70,0,20,0,4,0);
INSERT INTO pokemon_species VALUES(576,'gothitelle',5,575,293,7,12,NULL,6,50,70,0,20,0,4,0);
INSERT INTO pokemon_species VALUES(577,'solosis',5,NULL,294,5,1,NULL,4,200,70,0,20,0,4,0);
INSERT INTO pokemon_species VALUES(578,'duosion',5,577,294,5,1,NULL,4,100,70,0,20,0,4,0);
INSERT INTO pokemon_species VALUES(579,'reuniclus',5,578,294,5,4,NULL,4,50,70,0,20,0,4,0);
INSERT INTO pokemon_species VALUES(580,'ducklett',5,NULL,295,2,9,NULL,4,190,70,0,20,0,2,0);
INSERT INTO pokemon_species VALUES(581,'swanna',5,580,295,9,9,NULL,4,45,70,0,20,0,2,0);
INSERT INTO pokemon_species VALUES(582,'vanillite',5,NULL,296,9,5,NULL,4,255,70,0,20,0,1,0);
INSERT INTO pokemon_species VALUES(583,'vanillish',5,582,296,9,5,NULL,4,120,70,0,20,0,1,0);
INSERT INTO pokemon_species VALUES(584,'vanilluxe',5,583,296,9,11,NULL,4,45,70,0,20,0,1,0);
INSERT INTO pokemon_species VALUES(585,'deerling',5,NULL,297,10,8,NULL,4,190,70,0,20,0,2,1);
INSERT INTO pokemon_species VALUES(586,'sawsbuck',5,585,297,3,8,NULL,4,75,70,0,20,0,2,1);
INSERT INTO pokemon_species VALUES(587,'emolga',5,NULL,298,9,8,NULL,4,200,70,0,20,0,2,0);
INSERT INTO pokemon_species VALUES(588,'karrablast',5,NULL,299,2,12,NULL,4,200,70,0,15,0,2,0);
INSERT INTO pokemon_species VALUES(589,'escavalier',5,588,299,4,4,NULL,4,75,70,0,15,0,2,0);
INSERT INTO pokemon_species VALUES(590,'foongus',5,NULL,300,9,4,NULL,4,190,70,0,20,0,2,0);
INSERT INTO pokemon_species VALUES(591,'amoonguss',5,590,300,9,4,NULL,4,75,70,0,20,0,2,0);
INSERT INTO pokemon_species VALUES(592,'frillish',5,NULL,301,9,10,NULL,4,190,70,0,20,1,2,0);
INSERT INTO pokemon_species VALUES(593,'jellicent',5,592,301,9,10,NULL,4,60,70,0,20,1,2,0);
INSERT INTO pokemon_species VALUES(594,'alomomola',5,NULL,302,6,3,NULL,4,75,70,0,40,0,3,0);
INSERT INTO pokemon_species VALUES(595,'joltik',5,NULL,303,10,14,NULL,4,190,70,0,20,0,2,0);
INSERT INTO pokemon_species VALUES(596,'galvantula',5,595,303,10,14,NULL,4,75,70,0,20,0,2,0);
INSERT INTO pokemon_species VALUES(597,'ferroseed',5,NULL,304,4,1,NULL,4,255,70,0,20,0,2,0);
INSERT INTO pokemon_species VALUES(598,'ferrothorn',5,597,304,4,10,NULL,4,90,70,0,20,0,2,0);
INSERT INTO pokemon_species VALUES(599,'klink',5,NULL,305,4,11,NULL,-1,130,70,0,20,0,4,0);
INSERT INTO pokemon_species VALUES(600,'klang',5,599,305,4,11,NULL,-1,60,70,0,20,0,4,0);
INSERT INTO pokemon_species VALUES(601,'klinklang',5,600,305,4,11,NULL,-1,30,70,0,20,0,4,0);
INSERT INTO pokemon_species VALUES(602,'tynamo',5,NULL,306,9,3,NULL,4,190,70,0,20,0,1,0);
INSERT INTO pokemon_species VALUES(603,'eelektrik',5,602,306,2,3,NULL,4,60,70,0,20,0,1,0);
INSERT INTO pokemon_species VALUES(604,'eelektross',5,603,306,2,3,NULL,4,30,70,0,20,0,1,0);
INSERT INTO pokemon_species VALUES(605,'elgyem',5,NULL,307,2,6,NULL,4,255,70,0,20,0,2,0);
INSERT INTO pokemon_species VALUES(606,'beheeyem',5,605,307,3,12,NULL,4,90,70,0,20,0,2,0);
INSERT INTO pokemon_species VALUES(607,'litwick',5,NULL,308,9,5,NULL,4,190,70,0,20,0,4,0);
INSERT INTO pokemon_species VALUES(608,'lampent',5,607,308,1,4,NULL,4,90,70,0,20,0,4,0);
INSERT INTO pokemon_species VALUES(609,'chandelure',5,608,308,1,4,NULL,4,45,70,0,20,0,4,0);
INSERT INTO pokemon_species VALUES(610,'axew',5,NULL,309,5,6,NULL,4,75,35,0,40,0,1,0);
INSERT INTO pokemon_species VALUES(611,'fraxure',5,610,309,5,6,NULL,4,60,35,0,40,0,1,0);
INSERT INTO pokemon_species VALUES(612,'haxorus',5,611,309,10,6,NULL,4,45,35,0,40,0,1,0);
INSERT INTO pokemon_species VALUES(613,'cubchoo',5,NULL,310,9,6,NULL,4,120,70,0,20,0,2,0);
INSERT INTO pokemon_species VALUES(614,'beartic',5,613,310,9,8,NULL,4,60,70,0,20,0,2,0);
INSERT INTO pokemon_species VALUES(615,'cryogonal',5,NULL,311,2,1,NULL,-1,25,70,0,25,0,2,0);
INSERT INTO pokemon_species VALUES(616,'shelmet',5,NULL,312,8,1,NULL,4,200,70,0,15,0,2,0);
INSERT INTO pokemon_species VALUES(617,'accelgor',5,616,312,8,4,NULL,4,75,70,0,15,0,2,0);
INSERT INTO pokemon_species VALUES(618,'stunfisk',5,NULL,313,3,3,NULL,4,75,70,0,20,0,2,0);
INSERT INTO pokemon_species VALUES(619,'mienfoo',5,NULL,314,10,6,NULL,4,180,70,0,25,0,4,0);
INSERT INTO pokemon_species VALUES(620,'mienshao',5,619,314,7,6,NULL,4,45,70,0,25,0,4,0);
INSERT INTO pokemon_species VALUES(621,'druddigon',5,NULL,315,8,6,NULL,4,45,70,0,30,0,2,0);
INSERT INTO pokemon_species VALUES(622,'golett',5,NULL,316,5,12,NULL,-1,190,70,0,25,0,2,0);
INSERT INTO pokemon_species VALUES(623,'golurk',5,622,316,5,12,NULL,-1,90,70,0,25,0,2,0);
INSERT INTO pokemon_species VALUES(624,'pawniard',5,NULL,317,8,12,NULL,4,120,35,0,20,0,2,0);
INSERT INTO pokemon_species VALUES(625,'bisharp',5,624,317,8,12,NULL,4,45,35,0,20,0,2,0);
INSERT INTO pokemon_species VALUES(626,'bouffalant',5,NULL,318,3,8,NULL,4,45,70,0,20,0,2,0);
INSERT INTO pokemon_species VALUES(627,'rufflet',5,NULL,319,9,9,NULL,0,190,70,0,20,0,1,0);
INSERT INTO pokemon_species VALUES(628,'braviary',5,627,319,8,9,NULL,0,60,70,0,20,0,1,0);
INSERT INTO pokemon_species VALUES(629,'vullaby',5,NULL,320,3,9,NULL,8,190,35,0,20,0,1,0);
INSERT INTO pokemon_species VALUES(630,'mandibuzz',5,629,320,3,9,NULL,8,60,35,0,20,0,1,0);
INSERT INTO pokemon_species VALUES(631,'heatmor',5,NULL,321,8,6,NULL,4,90,70,0,20,0,2,0);
INSERT INTO pokemon_species VALUES(632,'durant',5,NULL,322,4,14,NULL,4,90,70,0,20,0,2,0);
INSERT INTO pokemon_species VALUES(633,'deino',5,NULL,323,2,8,NULL,4,45,35,0,40,0,1,0);
INSERT INTO pokemon_species VALUES(634,'zweilous',5,633,323,2,8,NULL,4,45,35,0,40,0,1,0);
INSERT INTO pokemon_species VALUES(635,'hydreigon',5,634,323,2,6,NULL,4,45,35,0,40,0,1,0);
INSERT INTO pokemon_species VALUES(636,'larvesta',5,NULL,324,9,14,NULL,4,45,70,0,40,0,1,0);
INSERT INTO pokemon_species VALUES(637,'volcarona',5,636,324,9,13,NULL,4,15,70,0,40,0,1,0);
INSERT INTO pokemon_species VALUES(638,'cobalion',5,NULL,325,2,8,NULL,-1,3,35,0,80,0,1,0);
INSERT INTO pokemon_species VALUES(639,'terrakion',5,NULL,326,4,8,NULL,-1,3,35,0,80,0,1,0);
INSERT INTO pokemon_species VALUES(640,'virizion',5,NULL,327,5,8,NULL,-1,3,35,0,80,0,1,0);
INSERT INTO pokemon_species VALUES(641,'tornadus',5,NULL,328,5,4,NULL,0,3,90,0,120,0,1,0);
INSERT INTO pokemon_species VALUES(642,'thundurus',5,NULL,329,2,4,NULL,0,3,90,0,120,0,1,0);
INSERT INTO pokemon_species VALUES(643,'reshiram',5,NULL,330,9,9,NULL,-1,45,0,0,120,0,1,0);
INSERT INTO pokemon_species VALUES(644,'zekrom',5,NULL,331,1,6,NULL,-1,45,0,0,120,0,1,0);
INSERT INTO pokemon_species VALUES(645,'landorus',5,NULL,332,3,4,NULL,0,3,90,0,120,0,1,0);
INSERT INTO pokemon_species VALUES(646,'kyurem',5,NULL,333,4,6,NULL,-1,3,0,0,120,0,1,0);
INSERT INTO pokemon_species VALUES(647,'keldeo',5,NULL,334,10,8,NULL,-1,3,35,0,80,0,1,0);
INSERT INTO pokemon_species VALUES(648,'meloetta',5,NULL,335,9,12,NULL,-1,3,100,0,120,0,1,1);
INSERT INTO pokemon_species VALUES(649,'genesect',5,NULL,336,7,12,NULL,-1,3,0,0,120,0,1,1);
